fund_name,company_name,country,sector_raw,borrower_type_raw,company_website,source_text,source_url,notes
ARAF,SunCulture,Kenya,,,https://sunculture.com/,"SunCulture is a Kenya-based solar irrigation company that designs, assembles, finances, and services solar powered water pumps. SunCulture’s water pumps allow farmers to grow crops throughout the year, even in periods of droughts, and increase the land under their cultivation. The company’s services, weather forecasts, and agronomy tips help smallholder farmers spend less time fetching water, improve their productivity, and increase their crop and livestock yields, leading to greater incomes and improved resilience to climate change.",https://arafund.com/sunculture-2/',
ARAF,Tomato Jos,Nigeria,,,http://www.tomatojos.net/home,"Tomato Jos (TJ) is a Nigeria-based agricultural production company that integrates stakeholders in the tomato value chain. The team manages a highly productive commercial farm, a comprehensive smallholder farmer out-grower program, and a tomato paste processing operation. To ensure sustainability and profitability for the farmers, TJ provides access to high-quality farm inputs on credit, training on good agricultural practices, and guaranteed off-take of their produce. The increase in smallholder farmers’ productivity translates into higher and more diversified incomes, which in turn improves their livelihood and increases the resilience to climate change.",https://arafund.com/tomato-jos/',
ARAF,Uzima Chicken,"Uganda, Rwanda, Democratic Republic of the Congo",,,https://www.uzimachicken.com/,"Uzima Chicken is a poultry business supplying fast-growing, highly productive, and highly resilient day-old chicks (“DOCs”), feed, vaccines, and training to smallholder farmers in Uganda, Rwanda, and Democratic Republic of the Congo. Uzima uniquely serves the needs of rural poultry smallholder farmers by providing a chicken breed that is highly disease resistant, is more productive for eggs and meat as compared to indigenous breeds, and is highly adaptable to humid and dry conditions. Through access to this breed, smallholder farmers can increase and diversify their incomes and improve their resilience to climate change.",https://arafund.com/uzima-chicken/',
ARAF,Farmerline,26 countries,,,,"Marketplace combines digital tools, logistics, field agents, farm resources and agribusiness partnerships to support African farmers with access to high-quality fertilizer and seeds; free education on climate-smart farming practices; and connections to international markets. The company’s in-house technology platform Mergdata is also licensed by global food traders and manufacturers who use its customisable tools to improve the lives of farmers around the world. To date, the company has digitized over 1 million farmers through partnerships across 26 countries.",https://arafund.com/farmerline/',Link redirects to same page
ARAF,Farmworks,Kenya,,,,"Is a horticulture company in Kenya. Its hub and spoke model leverages clusters of mid-sized, leased commercial farms to provide smallholder farmers with access to intensive agronomy training, quality and cost-effective farm inputs, and direct access to markets. The company enhances the resilience of farmers by addressing their key pain points, including lack of sufficient agriculture expertise, a dearth of affordable and quality inputs and machinery, and high post-harvest losses.",https://arafund.com/farmworks/',Link redirects to same page
ARAF,Flow Equity Africa Ventures,Ethiopia,,,,"(“FEAV”) is promoted by the founders of Uzima Chicken and is established to replicate the successful Uzima poultry business model in other countries across Sub-Saharan Africa. FEAV’s mission is to provide smallholder farmers with access to high-quality poultry breeds and training, enabling them to increase their incomes and improve their resilience to climate change. FEAV is currently operating in Ethiopia and is looking to expand into other countries in the region.",https://arafund.com/flow-equity-africa-ventures/',Link redirects to same page
ARAF,Stable Foods,,,,,"Unlocks smallholders’ potential at scale to produce affordable food for their communities. Through its ""Climate-Smart Village"" model, the company provides smallholder farmers with access to irrigation, high-quality inputs, and off-take for their produce. By providing these services, Stable Foods helps farmers increase their productivity and incomes, while also ensuring that their communities have access to affordable, fresh produce, available every day.",https://arafund.com/stable-foods/',Link redirects to same page
ARAF,Beyond Good,"Madagascar, Uganda",,,,"Is a bean-to-bar chocolate company that sources cocoa from farmers in Madagascar and Uganda. The company works directly with farmers to improve their fermentation practices and provides market offtake, ensuring that farmers receive a fair price for their cocoa. By producing chocolate at the source, Beyond Good is able to capture more value for the farmers and their communities, leading to increased incomes and improved livelihoods.",https://arafund.com/beyond-good/',
ARAF,Victory Farms,East Africa,,,,"Is the fastest growing end-to-end aquaculture platform in East Africa. The company operates a fully integrated tilapia farm in Kenya, providing high-quality, affordable protein to the local market. Victory Farms is committed to sustainability and uses data-driven farming practices to ensure that its operations are efficient and environmentally friendly. The company’s goal is to become the most sustainable fish platform on the planet.",https://arafund.com/victory-farms/',
ARAF,East Africa Foods,Tanzania,,,,"(EAF) is a leading data and tech driven aggregator and distributor of fresh produce in Tanzania. The company works with smallholder farmers to provide them with access to markets, while also ensuring that urban consumers have access to high-quality, affordable food. EAF’s tech-enabled supply chain reduces waste and improves efficiency, creating value for all stakeholders that work with the company.",https://arafund.com/east-africa-foods/',Link redirects to Tomato Jos
ARAF,Complete Farmer,,,,,"Is an end-to-end digital platform with a marketplace that connects African farmers with global buyers. The company provides farmers with access to high-quality inputs, agronomy support, and a guaranteed market for their produce. By using data and technology, Complete Farmer is able to improve the efficiency of the agricultural supply chain, ensuring that farmers receive a fair price for their products, while expanding trade internationally.",https://arafund.com/complete-farmer/',Link redirects to Uzima Chicken
ARAF,Winich Farms,Nigeria,,,,"Is a supply chain solution that connects smallholder farmers in Nigeria to large-scale processors. The company’s platform provides farmers with access to market information, logistics support, and digital payments, ensuring that they can sell their produce quickly and efficiently. By streamlining the supply chain, Winich Farms helps farmers increase their incomes and reduce post-harvest losses.",https://arafund.com/winich-farms/',Link redirects to SunCulture
ARAF,Ibisa,"Kenya, Ghana, India, the Philippines",,,,"Is a parametric insurance company that facilitates access to weather-related insurance for smallholder farmers across Kenya, Ghana, India and the Philippines. IBISA works with insurance and re-insurance firms, as well as various distribution partners to facilitate the creation of cost-efficient parametric insurance products. IBISA supports smallholder farmers’ recovery from weather-related losses, ensuring that they are able to continue investing in their productive capacity.",https://arafund.com/ibisa-2/',Link redirects to SunCulture
AgdevCo,A2P,Côte d'Ivoire,,Inputs,https://www.afriquephytoplus.com/fr/,"In 2022, AgDevCo provided a €5.5 million mezzanine debt investment to Afrique Phyto Plus (A2P), an agro-input trading and manufacturing company operating in Côte d'Ivoire, Mali, Burkina Faso, Cameroon and wider West Africa. In 2025, AgDevCo followed up with an additional €2.0 million debt investment. These investments will support A2P’s continued growth and impact, including the construction of a new warehouse, expansion into new countries, and increased working capital requirements.",https://www.agdevco.com/our-investments/a2p/,
AgdevCo,Cashew Coast,Côte d'Ivoire,,Processing,https://www.cashewcoast.com/,"Founded in 2019 in Côte d'Ivoire, the group owns and operates two cashew factories with a combined processing capacity of 19,000 MT/year of raw cashew nuts. It is fully traceable, organic, employs 750 people, and sources cashew nuts from over 7,000 smallholder farmers. AgDevCo’s investment will finance the expansion and upgrade of the company’s processing capacity, as well as farmer productivity enhancements, and warehousing across producing regions.",https://www.agdevco.com/our-investments/cashew-coast/,
AgdevCo,DekelOil,Côte d'Ivoire,,Processing,https://dekelagrivision.com/,"AgDevCo’s investment will be used to to support DekelOIl’s Environmental, Social and Governance activities and to strenghen DekelOIl’s balance sheet through the refinancing of short and medium-term facilities, thereby freeing up cashflow for working capital and growth initiaitives.",https://www.agdevco.com/our-investments/dekeloil/,
AgdevCo,East Africa Magical Farms,Ethiopia,,Primary production,https://www.emf-flowers.com/news/?lang=en,"EMF is a leading premium carnations producer with farms in Ethiopia and Kenya. Our $9.0m mezzanine loan will support the expansion into two further farms in Kenya enabling the company to increase its production by 40 hectares. The expansion will provide valuable employment and training opportunities for local communities in the Naivasha region, with employee numbers expected to reach 600 FTEs. The company is actively exploring the future use of sea freight to minimise its carbon footprint.",https://www.agdevco.com/our-investments/emf/,
AgdevCo,Hatch Africa,Ethiopia,,Primary production,https://hatchafrica.co/,"Hatch Africa’s vision is to make farmers healthier and wealthier. AgDevCo invested $6.5m in mezzanine financing alongside IDH Farmfit Fund to scale Hatch’s innovative business model of distributing dual-purpose breeds of day-old-chicks to millions of smallholder farmer households. The investment is into Flow Equity Africa Ventures (FEAV), the holding company for Hatch’s operations in Kenya, Ghana, and Cote d’Ivoire.",https://www.agdevco.com/our-investments/feav/,
AgdevCo,Babator Irrigated Farming Hub (BIFH),Ghana,,Primary production with added-value activity,,"AgDevCo's committed investment of over $4 million has secured a 10,369-hectare 50-year land lease with the relevant authorities in a traditional land tenure environment. In order to show the yield potential of crops not yet grown commercially in the area, detailed technical studies (including soil, topography and irrigation engineering) and six seasons of crop trials have been carried out. With over seven years of project development experience, we have completed all feasibility and technical studies, developed a good relationship with the community and developed a 356-ha irrigated 'proof of concept' at the Babator Farming Company.",https://www.agdevco.com/our-investments/babator-irrigated-farming-hub-bifh/,
AgdevCo,Tropo Farms,Ghana,,Primary production with added-value activity,https://www.voltacatch.com/,"Tropo Farms is the biggest tilapia fish producer in West Africa and among the largest in Sub-Saharan Africa. Established in 1997, Tropo has developed sophisticated aquaculture practices tailored for local conditions.",https://www.agdevco.com/our-investments/tropo/,
AgdevCo,Agris,Kenya,,Primary production with added-value activity,https://www.agris.group/,"An East African agribusiness platform focussing on horticulture production and distribution. AgDevCo’s investment will support the growth of Agris’ production and distribution of high-quality herbs, vegetables, and avocados from its farms in Kenya, serving domestic and international markets.",https://www.agdevco.com/our-investments/agris/,
AgdevCo,Agventure,Kenya,,Processing,http://agvke.com/,A farmer-owned Kenyan business that is leading the way in regenerative agricultural practices for non-irrigated cereal-based systems. AgDevCo’s mezzanine loan of $9.5 million will enable the company to continue to develop its canola oil production capabilities – it sells oil under the Pure Mountain brand in Kenya – allowing the company to increase its volumes purchased from out-grower farmers. It will also help to build Agventure Seed’s platform to supply high quality certified seed to farmers.,https://www.agdevco.com/our-investments/agventure/,
AgdevCo,Evergreen Avocado Limited,Kenya,,Primary production,,"AgDevCo’s $8.0m mezzanine loan will support the development of a 390 hectare avocado research and production hub in Naivasha. As part of the project the company will invest in a 3 Ha R&D plot for irrigation, varieties, genetics and crop protection/IPM trials, and aims to share learnings from these trials with other avocado farmers in order to further develop the sector in Kenya. At its peak, the project will create employment for about 190 people on the farm.",https://www.agdevco.com/our-investments/evergreen-avocado-limited/,
AgdevCo,Sagana Nuts,Kenya,,Processing,,"AgDevCo’s $1.2m loan to Sagana Nuts Limited will fund the construction of a new factory and purchase of equipment that allows the company to increase its processing capacity from 2,000MT to 3,000MT. With the expansion, Sagana will be able to source nut-in-shell macadamia from an additional c. 1,000 smallholder farmers as well as increase volumes from the existing ones. The proposed investment will create about 100 new jobs.",https://www.agdevco.com/our-investments/sagana-nuts/,
AgdevCo,Victory Farms Limited,Kenya,,Primary production with added-value activity,https://www.victoryfarmskenya.com/,"AgDevCo has provided a $4m mezzanine loan to Victory Farms, the fastest-growing fish farm in Sub-Saharan Africa. AgDevCo’s investment supports the company’s continued growth and impact, including the construction of a feed mill and expansion into Rwanda.",https://www.agdevco.com/our-investments/victory-farms-limited/,
AgdevCo,Jacoma,Malawi,,Primary production with added-value activity,https://jacomaestates.com/,"AgDevCo invested $9.6m in long term loans to develop a 1,400 ha irrigated farming hub of three macadamia farms in Northern Malawi. In addition to its farming operations, Jacoma sources chilli and paprika from local smallholder farmers which it exports globally. The funding also provided 100ha of year-round irrigation to the local community to grow chilli and food crops.",https://www.agdevco.com/our-investments/jacoma-tropha/,
AgdevCo,Kasinthula,Malawi,,Primary production,,"Kasinthula is a smallholder cane growing scheme based in the Chikwawa Region in Malawi, comprising of 1,429ha of irrigated sugar cane developed over a 15-year period from 1997-2012. Kasinthula is one of the first fair trade sugar producer in the region. The performance of the company has been deteriorating over the last five years and in early 2019 it ran out of funding and face imminent collapse. The loan provided by AgDevCo, together with the DFID grant and the appointment of a new professional farm management company, have allowed the company to come out of distress and continue to operate. This means that the existing number of employees have been sustained and that, following the turn-around period, dividends will resume to the farmer beneficiaries, with a multiplier effect on the surrounding community.",https://www.agdevco.com/our-investments/kasinthula/,
AgdevCo,Dawson,Mozambique,,Primary production,,"A Mozambique-based primary producer of macadamias and avocados. AgDevCo’s long-term investment will allow the company to expand current macadamia and avocado production to 1,000 ha over the next 5 years. The expansion will drive rural job creation as well as critical skills development while scaling local production to unlock further value chain growth opportunities.",https://www.agdevco.com/our-investments/dowson/,
AgdevCo,ECA,Mozambique,,Processing,https://www.ecamoz.com/,"AgDevCo has provided both debt and equity financing, most of which has been used to establish a state-of-the-art maize mill and develop an outgrower programme. ECA is able to offer a reliable market and fair prices by securing off-take agreements and linking farmers with high-volume market players. AgDevCo has helped to achieve a guaranteed market for higher-priced maize and has introduced sustainable farming practices.",https://www.agdevco.com/our-investments/eca/,
AgdevCo,Quinta da Bela Vista Limitada (QBV),Mozambique,,Primary production,,"QBV is located in Boane, Mozambique adjacent to the Pequenos Libombos dam. The project started in 2016 and 128 ha of bananas have been planted to date. AgDevCo funds will be used for refinancing existing short-term loans, working capital and capex related to the project. This will sustain the current employees and contribute to the increase of employees in the next years. Most employees come from densely populated but extremely poor areas with limited formal employment. Thus, the project is improving livelihoods in surrounding communities. The export of bananas offers Mozambique the opportunity to increase foreign exchange revenue.",https://www.agdevco.com/our-investments/quinta-da-bela-vista-limitada-qbv/,
AgdevCo,Transurban,Mozambique,,Primary production,,"AgDevCo’s investment helped grow Ovos de Ouro (OdO), an egg farm in Morrumbene to a 65,000 hen layer operation integrated with a feed mill in Matola, a hatchery in Boane and dedicated outlets selling its produce (feed, day old checks and eggs) in Southern Mozambique. OdO produces good quality, affordable protein in the form of eggs, a small amount of broilers as well as day-old-broiler chicks.",https://www.agdevco.com/our-investments/transurban/,
AgdevCo,Westfalia Fruto,Mozambique,,Primary production with added-value activity,https://www.westfaliafruit.com/,AgDevCo has partnered with Westfalia South Africa to create a farm hub that will transform Mozambique into a fruit-exporting country. A 25% equity stake was taken by AgDevCo to finance land clearance and avocado orchard planting. A loan was also committed to purchase farming equipment and for working capital purposes. AgDevCo is also playing a pivotal role in the design and implementation of the outgrower scheme.,https://www.agdevco.com/our-investments/westfalia-fruto/,
AgdevCo,Uzima Chicken,Rwanda,,Primary production with added-value activity,,"AgDevCo’s debt investment into Uzima Chicken Limited provides the operational funding required for rapid growth as a domestic producer of day-old chicks for local smallholder farmers and, ultimately, the creation of a succesful export market. To achieve this, Uzima is investing in a new high-quality hatchery facility in Bugesera District, Rwanda, which will allow Uzima to expand production capacity to 8-10 million birds a year.",https://www.agdevco.com/our-investments/uzima-chicken/,
AgdevCo,Agristar,South Africa,,Primary production with added-value activity,https://www.agris.group/,"Agristar is a South African primary producer of macadamias with interests in (i) Global Macadamias, a South African processing plant and global marketing company and now in (ii) Jacoma, a Malawian primary producer of macadamias. AgDevCo’s investment has contributed to create a large, geographically diversified macadamia platform and will support the future growth of the macadamia industry across the region. The combination of Agristar and Jacoma will allow the transfer of knowledge and best practices between the two farming groups, provide geographic and climatic diversification for Agristar and give Jacoma greater access to Agristar's sector leading processing and marketing capabilities.",https://www.agdevco.com/our-investments/agristar/,
AgdevCo,Skutwater,South Africa,,Primary production with added-value activity,,"AgDevCo provided a non-controlling minority equity investment into Skutwater Boerdery (Pty) Ltd (Skutwater) to partner with Mahela Group and ZZ2 Group, two prominent farming businesses in South Africa. AgDevCo’s investment will allow the current operation to expand from a combined 190 hectares of citrus and avocadoes to 400 hectares under phase 1, with further potential to expand to 1,500 hectares under phase 2. The partnership includes the intention that Skutwater actively pursues expansion opportunities in southern Africa (outside of South Africa) with an initial focus on Mozambique.",https://www.agdevco.com/our-investments/skutwater/,
AgdevCo,Africado,Tanzania,,Primary production with added-value activity,,"AgDevCo’s investment will allow Africado to grow its avocado estate operations, expand the outgrower scheme and increase its pack-shed capacity to accommodate higher production from its own estate and from outgrowers. Thus, strengthening a sustainable business which provides economic benefit to the local community in terms of employment, access to market and income uplift for smallholder farmers and nationally by increasing export earnings.",https://www.agdevco.com/our-investments/africado/,
AgdevCo,EFAfrica Group,Tanzania,,Financial Intermediaries,https://www.efafrica.group/,"EFAfrica Group is an equipment leasing company serving over 1,500 smallholder farmers and SMEs across Kenya, Tanzania and Zambia, many of whom lack the formality and collateral requirements sought by regular banks. Popular leases include trucks, tractors and other agricultural equipment, with a typical value of between $10,000 and $80,000.",https://www.agdevco.com/our-investments/efafrica-group/,
AgdevCo,Pee Pee Tanzania Limited (PPTL),Tanzania,,Processing,https://pptl.biz/,"AgDevCo’s long-term debt investment into Pee Pee Tanzania Limited (PPTL) will allow the company to expand its manufacturing capacity, including setting up a new dedicated factory for the production of grain storage bags. The storage bags offer smallholder farmers a simple and low-cost way of storing grain and seed without using chemicals to control insect pests. They are durable and can be stored in family homes.",https://www.agdevco.com/our-investments/pee-pee-tanzania-limited-pptl/,
AgdevCo,Nakifuma Farming Company,Uganda,,Primary production,,"Nakifuma Farming Company is a greenfield investment founded by AgDevCo and Centurion Agricultural Partners in 2018 to establish a new 390-sow pig breeding and finishing unit on the outskirts of Kampala, Uganda. The company is one of only a handful of commercial-scale pork farms in the country. Nakifuma is using improved genetics and animal husbandry practices to deliver quality meat to satisfy the rapidly growing local demand",https://www.agdevco.com/our-investments/nakifuma-farming-company/,
AgdevCo,New Forests Company,Uganda,,Primary production with added-value activity,https://newforests.earth/,"New Forests Company (NFC), founded in 2004, is a vertically integrated forestry company with 18,000 hectares of FSC-certified pine and eucalyptus plantations in Uganda and Tanzania. The company also manages 12,000 hectares of conservation area, promoting biodiversity and carbon sequestration.",https://www.agdevco.com/our-investments/new-forests-company/,
AgdevCo,Uzima Chicken (Uganda),Uganda,,Primary production with added-value activity,,"AgDevCo’s debt investment into Uzima Uganda provides the funding required for the expansion of operations in Uganda including production of day-old chicks for local smallholder farmers. To achieve this, Uzima is investing in setting and stocking up a new farm at Buruli, expanding its hatchery capacity and increasing its feed production volume. This is expected to expand Uzima’s production capacity to 8-10 million birds a year over a 5-year period.",https://www.agdevco.com/our-investments/uzima-uganda/,
AgdevCo,Goldenlay,Zambia,,Primary production with added-value activity,https://goldenlay.co.zm/,"Established in 2005, Goldenlay has a fully automated layer production facility and includes backward integration into irrigated and dryland cropping. AgDevCo’s investment provides a long-term financing solution which allows the business to better finance current operations and deliver on expansion and value addition projects.",https://www.agdevco.com/our-investments/goldenlay/,
AgdevCo,Hybrid Poultry,Zambia,,Primary production with added-value activity,,AgDevCo’s long-term investment will allow the company to expand its current processing capacity though a new processing plant. The increased processing will support community economic uplift through increased employment opportunities and the investment will also contribute to improved nutrition with an increased production of chicken as a cheap source of proteins.,https://www.agdevco.com/our-investments/hybrid-poultry/,
AgdevCo,Katito Farming Enterprises Ltd,Zambia,,Primary production,,"AgDevCo is the lead investor and developer of Katito Farm, partnering with two other shareholders. Katito produces mainly high quality seed potatoes under irrigation alongside seed potato grading and handling and cold storage infrastructure.",https://www.agdevco.com/our-investments/katito-farming-enterprises-ltd/,
AgdevCo,Saise Farming Enterprises Ltd (SFEL),Zambia,,Primary production with added-value activity,,"AgDevCo’s investment was used to establish a fully operational early generation seed potato farm comprising land development, staff housing, irrigation, securing of mains electricity and the purchase of farm equipment, sheds, cold stores, back up generators and processing machinery.",https://www.agdevco.com/our-investments/saise-farming-enterprises-ltd-sfel/,
ABC Fund,Ecakoog,Côte d’Ivoire,Cocoa,,,"Ecakoog is a cooperative of cocoa farmers located in the southwest region of Cote d’Ivoire. They source, market and export cocoa beans. Ecakoog provides a variety of services to its member farmers, including technical assistance in good agricultural practices, sound management practices, and responsible social and environmental practices. They offer training and pre-payment advances to their members. The cooperative also supports women farmers to help them generate more revenue by diversifying their production to other food crops, such as maize and rice. Ecakoog has 8,233 members, and the cooperative is Fair Trade certified, with 1,763 producers certified RA and 105 certified Bio. Since its inception, Ecakoog has been locally selling cocoa until 2021, when it ventured into the international market. The cooperative growth strategy is to increase its activity in the export market.",https://agri-business-capital.com/ourinvestments.html,
ABC Fund,JKCC,Uganda,Coffee,,,"JKCC General Supplies is a Ugandan based coffee trader which started its operations in 2017 as a coffee trader buying coffee beans from smallholder farmers and selling them to local offtakers based in Uganda. In 2020, the company secured its coffee export license and began secondary processing of coffee. Today, the Company exports about 80% of its produce to coffee trading companies and multinationals based in Europe. The Company serves as an offtaker for about 3,720 smallholder coffee farmers across 16 districts in Uganda who have been organized and formally registered as an association called Consortium of Central and Western Farmers Association. JKCC procures Fair Average Quality (FAQ) Coffee from its coffee farmers, instead of dried coffee cherries (KKiboko) – which ensures that farmers secure higher income for their coffee through value addition. Farmers typically receive about 45% higher net proceeds on selling FAQ compared to KKiboko. JKCC General Supplies is currently in the process of receiving fairtrade certification for 1,687 farmers for the first time.",https://agri-business-capital.com/ourinvestments.html,
ABC Fund,Wish Kenya,Kenya,Macadamia,,,"Wish Kenya Limited processes macadamia nuts, cashew nuts, and local nuts into kernels and high-value products (cookies, macadamia oil) which it sells in international and local markets. The company works with approximately 600 smallholder farmers through a network of agents operating across the various macadamia growing regions. The Company's processing facilities are strategically located in Thika, due to its proximity to the macadamia growing regions, making it a focal point for numerous macadamia processors in the area. This effectively streamlines its operations and optimizes the efficiency of its supply chain management. The company has been in the macadamia industry for the past 13 years and has diversified its product offering to include products offered in the local market. In 2021, WKL transitioned from processing macadamia nuts for exporters to actively participating in the export of macadamia nuts. The company now processes and packages its macadamia kernels in labeled cartons for the export market. Additionally, WKL processes the by-products of the macadamia nuts into macadamia oil and sells them in the local market to supermarkets and shops.",https://agri-business-capital.com/ourinvestments.html,
ABC Fund,Locafrique,Senegal,Multi (financial services),,,"Locafrique is a Tier-1 credit-only financial institution headquartered in Dakar, Senegal. The institution has been operating since 1977 and has grown to become one of the largest credit-only financial institutions in the UEMOA region, providing customized solutions to SMEs, producers, manufacturers/processors, and cooperatives in various sectors, such as agriculture, construction, renewable energy, and transport. Locafrique has been one of the largest financiers of the agriculture sector in Senegal. Their focus is on a value chain approach and financing diverse types of players across the agriculture value chain. Since 2017, Locafrique has primarily focused on rice (over 80% of financing), potatoes, cashews, vegetables and legumes, bananas, and livestock value chains. More than 87% of Locafrique's agri-clients are agriculture groups and associations ('GIE' - Groupes à Intérêts Economiques), with an average of about 150 members. In 2023, more than 75% of Locafrique's agriculture portfolio comprised asset financing products. Locafrique has a compelling reputation as a leading agricultural financier in a sector that is largely underserved by Tier-1 financial institutions.",https://agri-business-capital.com/ourinvestments.html,
ABC Fund,PAMECAS,Senegal,Multi (financial services),,,"PAMECAS is a licensed decentralized financial institution and operates as a network of savings and credit cooperatives that focuses on socially responsible lending and inclusive finance. It is one of the largest rural focused microfinance institutions in Senegal, with a network of 28 branches and 107 service points around the country. PAMECAS plays a crucial role in providing financial services to the agricultural sector, with a gross loan portfolio of EUR 126 million, of which 21% is allocated to this sector. They have over 940,000 depositors, of which 43 are women and 100,000 active borrowers, of which 47% are women, 38% men and the rest are group borrowers. PAMECAS serves over 61,000 members organized in groups, primarily within the agriculture sector with 79% of these members (49,000) being women members. While on average, only 19 of loans within the sector are disbursed to women, over 55% of PAMECAS’ individual clients are women.",https://agri-business-capital.com/ourinvestments.html,
ABC Fund,Nyesigiso,Mali,multi (financial services),,,"Nyesigiso is a network of rural savings and credit cooperatives operating in Mali, which collects savings from members and provides them loans and microcredits. Nyesigiso operates under the status of Decentralised Financial Entities (“Systèmes financiers Décentralisés” SFDs). Nyesigiso is headquartered in Bamako, Mali. With over 260,000 members and a presence in six of Mali’s nine regions, Nyesigiso is the country’s second largest microfinance institution with one of the largest rural farmers networks. Nyesigiso’s strategy over the past half decade has been to encourage femaleparticipation through creating loan products solely dedicated to women. TheInstitution has also focused on personnel gender diversity. As of June 2021,Nyesigiso had 278 permanent staff, 48% of whom are women.",https://agri-business-capital.com/ourinvestments.html,
ABC Fund,Africa Négoce Industries (ANI),Benin,Cashew,,,"Africa Négoce Industries (ANI) is a raw cashew nut processor based in Benin. ANI collects raw cashew nuts mainly from farmer cooperatives and processes them into cashew kernels for the export market. Smallholder farmers working with ANI benefit from a stable access to markets with constant prices, thus positively impacting their livelihoods. ANI will enter a purchasing relationship with Fédération Nationale des Producteursd'Anacarde du Bénin - composed of 40,000 smallholder farmers - the country's second-biggest cooperatives union in the cashew sector. ANI is also in the process of getting the BIO certification and aims to be certified by the end of 2023. This certification will allow ANI to benefit from certification premiums when selling organic kernels.",https://agri-business-capital.com/ourinvestments.html,
ABC Fund,Grace and Mercy,Nigeria,multi (financial services),,,"Grace and Mercy is a non-bank microfinance institution based in Nigeria that addresses the financial needs of economically disadvantaged and marginalized women engaged in small trading and micro-productive activities. The company is therefore uniquely positioned to reach the ABC Fund’s target segment of rural women operating in the agricultural sector. As of December 2022, the number of rural borrowers is 166,417 with 99.9% of them being women. The number of permanent rural employees is 810, of whom 4% are women and 48% are young.",https://agri-business-capital.com/ourinvestments.html,
ABC Fund,Promo Fruits,Benin,Pineapple,,,"Promo Fruits is one of the largest pineapple juice processors in Benin. Promo Fruits procures fresh fruits from local cooperatives to be processed into juices and nectars free of preservatives and additives.The ABC Fund has loaned Promo Fruits EUR 800,000 to cover its working capital needs, to import materials to manufacture juice cans and to purchase equipment to create polytunnels which smallholder farmers use to create optimum temperatures and humidity levels for fruit growing, leading to higher yields. This equipment is expected to boost 750 smallholder farmers’ production capacity and income. Promo Fruits provides free advice and training on harvest techniques and phytosanitary treatment for the control of plant diseases, to smallholder farmers. The ABC Fund’s support will help the company generate sufficient cash flow to continue offering these services to farmers.PromoFruits continues to expand and plans to increase the production capacity of its processing plant. As of December 2022, the company is working with 2,683 smallholder farmers, of whom 34% are women and 70% are youth.",https://agri-business-capital.com/ourinvestments.html,
ABC Fund,Groupe Diakhate,Mali,Poultry feed,,,"Groupe Diakhate is a poultry feed manufacturer based in Mali. The ABC Fund has loaned Groupe Diakhate EUR 450,000 to purchase feed raw materials such as cotton seeds, soybean meal, and maize and acquire new modern and efficient equipment, including two processing machines and a solar electricity generating system to sustainably power the process. The investment will enable Groupe Diakhate to strengthen its relationships with farmer cooperatives representing 250 farmers and become more involved in its production process. It will also enable the company to increase its workforce. For the upcoming season, Groupe Diakhate plans to launch a programme of assistance to supply both fertilizers and seeds to smallholder farmers as well as mechanization services to improve their productivity.As of December 2022, the company is working with 26 cooperatives representing 250 farmers with 65% of them being women and 72% young people.",https://agri-business-capital.com/ourinvestments.html,
ABC Fund,Matale Hill Brothers,Uganda,Coffee,,,"Matale Hill Brothers Ltd (MHB) is a company based in Uganda involved in the secondary processing of coffee. MHB buys coffee from smallholder farmers and traders across the coffee-growing fields of Uganda, processes the coffee, and markets it to their various off-takers. MHB sells graded and ungraded coffee to various multinationals and local companies in Uganda. The company has received a credit facility of USD 257,200 (EUR 254,000) from the ABC Fund to meet its working capital needs.",https://agri-business-capital.com/ourinvestments.html,
ABC Fund,EBO,Uganda,multi (financial services),,,"EBO is a savings and credit cooperative society (SACCO) with nearly 48,000 members, which provides sustainable financial services to almost 12,000 borrowers, most of whom are smallholder farmers operating predominantly in the agriculture and food crops sector in rural Uganda. Its mission is to serve rural smallholder farmers by providing them with sustainable quality financial services that promote improved livelihoods of the rural and peri-urban poor.Out of EBO’s six branches, five are based in rural towns servicing clients engaged primarily in agriculture activities. More than half of EBO’s active borrowers are women and over 80% of the institution’s loans are deployed to groups and individuals engaged in the agriculture sector.",https://agri-business-capital.com/ourinvestments.html,
ABC Fund,YEHU,Kenya,multi (financial services),,,"Yehu is a credit-only microfinance institution that provides financial services to disadvantaged communities in rural Kenya. The company aims to empower rural marginalized entrepreneurs both socially and economically by enhancing access to innovative, affordable and sustainable financial solutions. The company has rapidly grown in the coastal region of Kenya in the last 15 years and successfully replicated its model in the eastern region of Kenya. The company currently serves more than 35,000 clients, almost a quarter of which are operating in agriculture, through 12 branch outlets.",https://agri-business-capital.com/ourinvestments.html,
ABC Fund,Premier Credit Kenya,Kenya,multi (financial services),,,"Premier Credit is a credit-only microfinance institution which provides credit to individuals and SMEs in Kenya. The company’s SME clients generally own small businesses that require short-term working capital for specific expenses, at short notice and to meet an immediate business need, such as farming inputs for example. Premier Credit has an expansive network of branches, with over half of its branches located in rural areas, where a majority of households derive their income from agricultural activities.As of December 2022, Premier has over 39,000 rural borrowers, of whom 47% are women and 30% are young. The company employs over 900 people, 94% of whom are young and 65% are women.",https://agri-business-capital.com/ourinvestments.html,
ABC Fund,PEBCo,Benin,multi (financial services),,,"PEBCo is one of the largest agribusiness financiers in Benin, with an existing agribusiness portfolio of over EUR 11M. It is also the third largest SFD in the country, and has over 280,000 clients, over 57% of which are women. The company provides short- and long-term loans and microcredit but also collects deposits and savings from its clients. PEBCo’s growth over the past couple of decades has been driven by its expansion in rural Benin, with 50% of its clients being based in rural areas, and it is now one of the few SFDs in the country with at least one branch in each of Benin’s twelve provinces. Over the past four years, PEBCo has steadily increased the volume and size of agribusiness loans offered to individuals, and, especially, to groups and cooperatives of farmers. As of December 2022, the number of rural borrowers of PEBCo is 26,973, of whom 71% are women. The rural portfolio represents 74% of the total loan portfolio of the institution, while the agri-portfolio represents 49%.",https://agri-business-capital.com/ourinvestments.html,
ABC Fund,Success for People,Ghana,multi (financial services),,,"Success for People (SfP) is a Ghana-based Tier 2 deposit taking microfinance institution offering credit and savings opportunities to small and micro enterprises, groups and individuals with a special focus on smallholder farmers and women groups who have been excluded from the formal banking system. The Institution is also committed to building the capacity of entrepreneurs through training. The majority (83%) of its clients are women and 73% of its borrowers are between the ages of 24 and 35. SfP has been supported by AGRA to develop a ‘Goods Receipt Note’ product allowing farmers to store their produce in a warehouse and sell it when prices are better through the Ghana Commodity Exchange or on the spot market.",https://agri-business-capital.com/ourinvestments.html,
ABC Fund,Finamiga,Colombia,multi (financial services),,,"Established in 2014, Finamiga has been the fastest growing microfinance institution in Colombia for the past two years. Operating in 146 municipalities, among which 38 are post-conflict zones, it has disbursed more than 30,000 loans, and has more than 10,000 active clients. As a double bottom line institution, Finamiga designs its products with a central emphasis in strengthening microbusiness and rural agriculture initiatives through productive credit loans.As of December 2022, the company is supporting 3,557 smallholder farmers with its products and services, including 40% women farmers and 44% young people. Finamiga’s clients come from diverse socioeconomic backgrounds with 32% of them living in vulnerable conditions and 9.8% in extreme poverty based on the Poverty Probability Index (PPI) Survey which is applied in every loan. Finamiga’s loans allow farmers and rural clients to increase their incomes by helping them gain efficiencies in transportation costs and distribution, enabling them to use the funds as working capital to acquire supplies for their crops, as well as increasing their capability to invest in land.",https://agri-business-capital.com/ourinvestments.html,
ABC Fund,UNACREP,Benin,multi (financial services),,,"Union Nationale des Caisses Rurales d’Epargne et de Prêt (‘UNACREP’)is a microfinance institutionbased in Benin, West Africa.UNACREP provides short- and long-term loans and microcredits to its members, collects deposits and savings from its members and clients and trains and builds capacity of its members. Over the past two decades, it has built a network of over 130,000 members, four of ten of whom are women. Nearly half (48%) of its borrowers are women and women-led groups. It is headquartered in Porto Novo, the capital of Benin, and has 65 branches and outlets spread around the country.",https://agri-business-capital.com/ourinvestments.html,
ABC Fund,CIDRE,Bolivia,multi (financial services),,,"Centro de Investigación y Desarrollo Regional (‘CIDRE IFD’)is a microfinance institution which provides financial solutions helping to improve the lives of thousands of farmers and their families in rural Bolivia. It has more than 40 years’ experience with microcredit and commercial loans, reaching more than 20,000 clients across Bolivia through 30 branches. This distribution enables CIDRE IFD to serve almost 80% of municipalities in Bolivia.The organization is the fourth financial institution in terms of loan portfolio in Bolivia and is the second largest lender for the agricultural sector. Its typical clients are small producers and farmers, with nearly one in five (18%) below the national poverty line and almost 40% of clients being women.CIDRE IFD has developed tailored solutions such as allowing farmers to present “non-conventional collateral” such as cattle, final products and machinery. This collateral has ensured financial access to those who are not in a position to secure a mortgage against their assets, or to those who are neglected by traditional banks in Bolivia. An average loan size is around USD 5,200 with average duration of 76 months.",https://agri-business-capital.com/ourinvestments.html,
ABC Fund,Mali Shi,Mali,shea butter,,,"Mali Shi is a shea butter processor based in the surroundings of Bamako, Mali. Mali Shi is the first operational industrial shea butter processing plant in Mali. It produces unrefined shea butter, which is used for the food and cosmetics industries. The company plays a crucial role in the value chain, sourcing its raw materials locally and promoting local transformation into shea butter. Shea collection is an important source of income for rural communities in Mali, especially for women.Mali Shi procures raw shea nuts from women cooperatives and individual collectors based mainly in Sikasso, Ségou, Kayes and Koulikoro regions. The company also procures from local shea traders. Mali Shi seeks to structure a stronger direct supply network and reduce dependency on local traders.Currently, Mali Shi employs 106 people, of whom 72% are youth.",https://agri-business-capital.com/ourinvestments.html,
ABC Fund,Bio Amandes,Côte d’Ivoire,shea butter,,,"Bio Amandes is a shea butter processor basedin the northern region of Côte d’Ivoire. Bio Amandes is the only industrial processor of the shea sector in Côte d’Ivoire, involved in both locally sourcing and producing shea butter. Through its operations, the company adds value to this sector, employs a local workforce, and sources raw materials directly from 7,300 women.",https://agri-business-capital.com/ourinvestments.html,
ABC Fund,Kaworo,Burkina Faso,Produces grains and seeds,,,"Kaworo is a producer of grains (mainly maize, millet, sesame, cowpeas and sorghum) and seeds for sale locally. Kaworo’s mission is to create jobs through the development of agricultural activities in its areas of intervention. Kaworo began operations in 1981 with 7 hectares of land. The company is headquartered in Dedougou, western part of Burkina Faso. It produces the grains and seeds on its own farm and through its outgrower scheme. When the demand for its produce exceeds the supply from its farms and the outgrower scheme, it buys from other smallholder farmers outside its outgrower network to meet the demand. Under its outgrower scheme, Kaworo provides smallholder farmers with farming inputs (seeds, fertiliser, pesticides and weedicides) and mechanisation services on credit. The cost of the services is deducted from the farmers proceeds upon sales. The scheme currently has 525 outgrowers of which 28% are women and 40% are youth. The total land under cultivation by outgrowers is 1,500 Hectares. In 2019/2020, Kaworo managed to produce a total of 1 753 tons of cereals.",https://agri-business-capital.com/ourinvestments.html,
ABC Fund,EtablissementYaffa&Frères,Mali,Mango exporter,,,"EtablissementYaffa et Frères (EYF) is one of the largest local fresh mangos exporters in Mali, and is the only company in Mali to deliver mangos directly from its packing facility to supermarkets by air freight. Its export destinations include Europe (France, Belgium, Holland, Switzerland and Germany), Maghreb, and Central Africa. The company also trades imported fish and local chicken off-season. These activities represent 10% of the company’s revenue. EYF is a member of COLEACP and as such, has benefited from technical assistance on management and certification to meet EU export specifications. EYF only purchases GLOBAL GAP and GRASP certified mangoes.",https://agri-business-capital.com/ourinvestments.html,
ABC Fund,ROCFED,Côte d’Ivoire,Mango producer,,,"ROCFED is a fresh mango exporter based in the Northern region of Côte d’Ivoire. The company buys local fresh mangoes, and exports them to European markets. The company sources mangoes directly from smallholder farmers and through the intermediary of aggregators. ROCFED is certified by GLOBAL GAP, GRASP, and Rain Forest Alliance.",https://agri-business-capital.com/ourinvestments.html,
ABC Fund,Apollo,Kenya,Multi (financial services),,,"Apollo is a Kenyan ag-tech which uses machine learning and automated operations technology to help small scale farmers access the resources they need to maximise their profitability. Apollo provides an optimised bundle for farmers that includes financing, farming inputs, advice and insurance. Apollo’s vertically integrated digital approach leverages machine learning and satellite data to service customers throughout the entire lifecycle, from acquisition, to credit decisions, and finally, collecting repayments. Apollo acquires customers through a variety of digital marketing channels, and onboards them through their network of field agents, which currently numbers more than 1,200 across Kenya. These agents use Apollo’s mobile app and software to onboard farmers, including collecting the GPS boundaries of their fields. Apollo then uses machine learning models to evaluate customer credit worthiness. Once approved, the farmer receives a voucher code via SMS to redeem at one of Apollo’s 350+ agro-dealer distribution partners in Kenya, who use Apollo software to manage last-mile distribution. The farmer is provided with seeds and fertilizer, instead of cash, and pays back the loan via mobile payments after harvest. The majority of Apollo’s customers farm maize, Africa’s most abundant staple food crop, but Apollo is building on previously run pilots to launch new crops and products that can enable a shift from subsistence maize farming to more profitable, commercial farming.",https://agri-business-capital.com/ourinvestments.html,
ABC Fund,ECOOKIM,Côte d’Ivoire,Cocoa,,,"The Enterprise Cooperative Kimbe (“Ecookim”) is a union of cooperatives established in 2004 in Côte d’Ivoire. Currently, Ecookim is composed of 29 cooperatives located in rural communities across 12 different provinces, mainly in the Western and Southern region of the country.",https://agri-business-capital.com/ourinvestments.html,
ABC Fund,FACTS,"Kenya, Uganda",multi (financial services),,,"FACTS Advance BV provides short-term supply chain financing solutions for SMEs, agribusinesses and entrepreneurs, primarily in Kenya and Uganda.",https://agri-business-capital.com/ourinvestments.html,
ABC Fund,SOCAK KATANA,Côte d’Ivoire,Cocoa,,,"Socak Katana is a cocoa cooperative based in Côte d’Ivoire and engages over 2,700 members from the three West Ivorian regions of Guemon, Cavally and Tonkpi.",https://agri-business-capital.com/ourinvestments.html,
ABC Fund,CABF,Côte d’Ivoire,Cocoa,,,"CABF is a cocoa cooperative located in Zégban in the Southern Region of Côte d’Ivoire. The cooperative started in 2004 with only 127 cocoa members, and has grown to over 2,800 farmer members. Out of them, 62% are cocoa and rubber producers and 38% are cashew nut producers.",https://agri-business-capital.com/ourinvestments.html,
ABC Fund,Dragon Farming,Ghana,Soya,,,"Dragon Farming provides innovative and environmentally sustainable products to satisfy the nutritional needs of farmed animals, especially poultry and tilapia,in Ghana and beyond. Dragon Farming processes raw soya beans into soya bean meal, full fat soya and soya oil.",https://agri-business-capital.com/ourinvestments.html,
ABC Fund,Anatrans,Burkina Faso,Cashew nuts,,,"ANATRANS is a raw cashew nuts processor based in Burkina-Faso. The company purchases raw cashew nuts from a network of farmer groups and cooperatives before sorting, drying, shelling, packaging and selling the processed products to export markets.",https://agri-business-capital.com/ourinvestments.html,
ABC Fund,INSOTEC,Ecuador,multi (microfinance services),,,"INSOTEC provides micro-credits to companies in the agricultural sector, in particular smallholder farmers, to improve financial inclusion among low-income or vulnerable households.",https://agri-business-capital.com/ourinvestments.html,
Huruma,Finexpar,Paraguay,,,finexpar.com.py,"Finexpar is a solid financial Institution in Paraguay, founded in 1989 and regulated by the Central Bank since then. Since 2012, it has transformed from a small family business to a leader financial institution, managed by a team of highly recognized banking professionals.",https://fondohuruma.com/en/finexpar/,
Huruma,Cresol,Brazil,,,cresol.com.br,"The Cresol System was established in 1996 in the state of Paraná, southern Brazil, as an attempt to provide credit and other financial and non-financial services to smallholder farmers in the region. With over EUR 1,500 million in assets, Cresol is the third largest cooperative group in Brazil.",https://fondohuruma.com/en/cresol/,
Huruma,Babban Gona,Nigeria,,,babbangona.com,"Babban Gona is an Agribusiness in northern Nigeria that serves farmers in small groups, providing them with financing, high-quality inputs, training and market sales. In combination, these services help maize farmers reduce risk and increase their incomes.",https://fondohuruma.com/en/babban-gona/,
Huruma,ProCredito,Mexico,,,procredito.com.mx,"ProCredito is a non-regulated financial company in Mexico (SOFOM) focused on serving the semi-formal SME through business loans (working capital and fixed assets) with an average loan size of EUR 28,000. It is the spin-off of ProCredit Mexico, founded by ProCredit Holding (which operates financial institutions in Eastern Europe and Latin America). It was established in Mexico in 2007 through an investment by the IADB and DOEN (Dutch Lottery Foundation) to promote SME lending.",https://fondohuruma.com/en/procredito/,
Huruma,MEGA,Mexico,,,gfmega.com/en,"MEGA is an independent leasing company in Mexico, founded in 2003 and has been regulated by the CNMV and Banxico since 2016",https://fondohuruma.com/en/mega/,
Huruma,CAURIE,Senegal,,,caurie-mf.com,"CAURIE was created in 1999 as a Microfinance Program between CRS1 and Caritas Senegal, becoming a supervised savings & credit cooperative in 2009. In less than 23 years, it has become the leading Microfinance Institution in social innovation (>85,000 borrowers), developing a unique “Village Banking (BVL)” group methodology to reach vulnerable women (87% borrowers; 44% live in poverty) in remote rural areas (63% clients) across 13 of 14 regions in Senegal.",https://fondohuruma.com/en/caurie/,
Huruma,Microserfin,Panama,,,microserfin.com,"Microserfin, a leading microfinance institution that is part of the BBVA Microfinance Foundation, focuses on financial inclusion of the most vulnerable microentrepreneurs in Panama. The institution offers productive loans, as well as microinsurance, financial literacy, technical assistance and health services.",https://fondohuruma.com/en/microserfin/,
Huruma,CFE,Panama,,,cfe.com.pa,"Centro Financiero Empresarial (CFE) is one of the most inclusive MFIs in Panama, providing financial products to MSMEs and entrepreneurs at the base of the economic pyramid, the missing middle, in a country with a very fragmentated and underpenetrated microfinance market. CFE was founded in 2009 and has identified agricultural financing as the key to effectively fulfilling underserved farmers’ needs.",https://fondohuruma.com/en/cfe/,
Huruma,WayCool,India,,,waycool.in,"WayCool Foods is one of India’s largest and fastest growing agribusiness companies. Focused on food development and distribution, the company leverages innovative technology to scale and manage the complex agricultural supply chain from cultivation to sale.",https://fondohuruma.com/en/waycool/,
Huruma,Pahal,India,,,pahalfinance.com,"Pahal is a Microfinance Institution (MFI) that provides loans to low-income households with a strong outreach to women and farmers. Launched in 2011, it is currently present in 7 states of central India with a network of 201 branches and high penetration potential. In 10 years, it has supported more than 800,000 households in marginalised communities.",https://fondohuruma.com/en/pahal/,
Huruma,Crecer,Bolivia,,,crecerifd.bo,"CRECER is a Bolivian IFD (Development Finance Institution) with more than 20 years of experience, focused on offering financial products to improve the quality of life of women and their families. It is the second largest institution in Bolivia by number of clients and serves the poorest areas. It also offers free trainings in financial education, technology, and cervical cancer prevention. In 2021, Crecer will begin to offer savings products and short-term deposits.",https://fondohuruma.com/en/crecer/,
Huruma,Pro Mujer,Bolivia,,,promujer.org.bo,"Pro Mujer Bolivia, as part of the Pro Mujer microfinance network, has been serving low-income, self-employed women all over the country for more than 30 years. Pro Mujer mainly offers community lending products, supporting and empowering women with small loans, while providing health and education services.",https://fondohuruma.com/en/pro-mujer/,
Huruma,Alternativa,Peru,,,alternativa.com.pe,"Alternativa’s origins date back to 1992 from a project launched by the Chamber of Commerce of Lambayeque and the Inter-American Development Bank to boost the development of micro and small enterprises. Edpyme Alternativa has focused on building a strong rural presence, aiming to provide formal financing solutions to unbanked communities in remote areas of Northern Peru.",https://fondohuruma.com/en/alternativa/,
Huruma,Norandino,Peru,,,coopacnorandino.com,"Cooperativa de Ahorro y Crédito (COOPAC) Norandino is a regulated savings & credit cooperative founded in 2005 under the initiative of 24 organized farmers from the coffee segment and 3 coffee cooperatives, under the motto “For farmers, by farmers”, which it continues to adhere to today.",https://fondohuruma.com/en/norandino/,
Huruma,INSOTEC,Ecuador,,,insotec-ec.com,"INSOTEC is a leading microfinance NGO with nearly 40 years’ experience and family business roots, working to reach the most vulnerable population and smallholder farmers in Ecuador.",https://fondohuruma.com/en/insotec/,
Huruma,FACES,Ecuador,,,faces.org.ec,"Founded in 1991, Fundación de Apoyo Comunitario y Social del Ecuador (FACES) is one of the largest microfinance institutions (NGO) in Ecuador, with the mission to contribute to the fight against poverty and unemployment in Ecuador by supporting microentrepreneurs with financial and technical resources.",https://fondohuruma.com/en/faces/,
Kampani,African Mushroom Growers,Uganda,Mushrooms,,,"African Mushroom Growers (AMG) is a Ugandan SME specializing in the cultivation, production, and distribution of mushrooms and mushroom-based products. Founded in 2012 by Abel Kiddu, AMG traces its origins to a family story: inspired by his mother's training in mushroom farming, Mr. Kiddu began cultivating mushrooms as a way of generating income. Over the years, AMG has established itself as a recognized player in Uganda's mushroom sector.",https://www.kampani.org/portfolio,
Kampani,Ahonto,Ivory Coast,Cocoa,,,Ahonto is a cocoa cooperative in Ivory Coast. The investment from Kampani supports their processing and marketing capabilities. They work with local farmers to improve yields and sustainability.,https://www.kampani.org/portfolio,
Kampani,Amaati,Ghana,Fonio (grain & flower),,,"Amaati is a Ghanaian social enterprise whose mission is to build sustainable communities through the use of the Fonio grain, which nourishes the land, the people and society. Amaati uses the triple-bottom line approach to support landless vulnerable women in rural Savanah to revive an extinct and a neglected crop called Fonio, on marginal lands. The cultivation of Fonio and other crops supports land regeneration, and also serves as a source of income.",https://www.kampani.org/portfolio,
Kampani,Bio Phyto,Benin,Organic Agricultural Inputs,,,"Bio Phyto is a company based in Benin that produces and commercialises organic fertilisers and pesticides. It is located in Allada, 50km north of Cotonou. Currently, the company employs 52 people and sources its raw material from over 2,000 smallholder farmers. Bio Phyto's organic inputs are specifically designed to increase the yields of all crops.",https://www.kampani.org/portfolio,
Kampani,Byeffe Foods Ltd,Uganda,Agro-composite porridge flours,,,Byeffe Foods is a food processing company in Uganda specializing in nutrient-dense porridge flours. Their mission is to tackle malnutrition while providing a stable market for local farmers. The company focuses on value addition for crops like pumpkins and millet.,https://www.kampani.org/portfolio,
Kampani,COOKKANZ,DRC,Speciality coffee and cocoa diversification,,,COOKKANZ is a cooperative based in the Democratic Republic of Congo focused on coffee and cocoa. They aim to diversify the income of smallholder farmers through improved processing. The cooperative plays a vital role in providing access to international markets.,https://www.kampani.org/portfolio,
Kampani,East Africa Fruit Company,Tanzania,Fruit and vegetables,,,East Africa Fruit Company is a Tanzanian social enterprise that builds a tech-enabled supply chain. They work directly with smallholder farmers to reduce post-harvest losses and increase income. The company distributes fresh produce to formal and informal retailers in urban centers.,https://www.kampani.org/portfolio,
Kampani,EasyHatch,Rwanda,Poultry,,,EasyHatch is a Rwandan hatchery business that provides quality day-old chicks to local farmers. They address the lack of reliable poultry inputs in the region to bolster food security. The company offers technical support to ensure the success of their farmer partners.,https://www.kampani.org/portfolio,
Kampani,Greenfield Agricultural Services,Ghana,"Cocoa, Agricultural Inputs",,,Greenfield Agricultural Services is a Ghanaian company providing essential inputs to cocoa farmers. They supply fertilizers and pesticides to improve crop health and yields. The business model integrates input supply with farmer training and support.,https://www.kampani.org/portfolio,
Kampani,Mambo Coffee Company Ltd,Tanzania,Coffee,,,Mambo Coffee is a Tanzania-based exporter of specialty Arabica coffee. They work with thousands of smallholder farmers to ensure high-quality production standards. The investment supports their processing capacity and market expansion.,https://www.kampani.org/portfolio,
Kampani,Mujuni,Uganda,Dairy/ Milk products,,,"Mujuni is a dairy processor in Uganda focused on high-quality milk products. They source milk from smallholder farmers, providing them with a reliable and fair market. The company aims to increase local dairy production and processing standards.",https://www.kampani.org/portfolio,
Kampani,OEL,Kenya,Macadamia nuts,,,Orient Enterprises Limited (OEL) is a Kenyan processor of macadamia nuts for the export market. They work with a network of smallholder farmers to source raw nuts. The company is investing in modern processing equipment to improve quality and efficiency.,https://www.kampani.org/portfolio,
Kampani,OJA,Benin,Pineapple,,,OJA is a pineapple processor in Benin focused on value-added products like juice and dried fruit. They support local farmers by providing a stable market for their produce. The company aims to formalize the pineapple value chain in the region.,https://www.kampani.org/portfolio,
Kampani,SCAMED,Ivory Coast,Cocoa,,,SCAMED is a cocoa cooperative in Ivory Coast that focuses on sustainable production. They provide training and inputs to their members to improve cocoa quality. The investment supports their logistical and marketing operations.,https://www.kampani.org/portfolio,
Kampani,SCOOPANAB,Ivory Coast,Cocoa,,,SCOOPANAB is a large-scale cocoa cooperative in Ivory Coast. They aim to improve the livelihoods of their farmer members through direct market access. The company is investing in warehousing and transportation infrastructure.,https://www.kampani.org/portfolio,
Kampani,Sommalife,Ghana,Shea nuts,,,Sommalife is a Ghanaian social enterprise focused on the shea nut value chain. They work primarily with women collectors to improve their income and processing methods. The company uses technology to trace products and ensure fair trade practices.,https://www.kampani.org/portfolio,
Kampani,SOPROCOPIV,Congo DRC,"Cocoa, Coffee, Cinchona",,,SOPROCOPIV is a multi-crop cooperative in the North Kivu region of the DRC. They specialize in the export of organic coffee and cocoa. The cooperative plays a critical role in providing economic stability in a conflict-affected area.,https://www.kampani.org/portfolio,
Kampani,SPF,Rwanda,Seed potato,,,SPF (Seed Potato Fund) is a Rwandan company dedicated to the production of high-quality seed potatoes. They address a critical bottleneck in the potato value chain by ensuring farmers have access to healthy seeds. The company works closely with research institutions and farmer groups.,https://www.kampani.org/portfolio,
Kampani,Swatini,Kenya,Macadamia,,,Swatini is a Kenyan agro-processor specializing in macadamia nuts. They source directly from thousands of small-scale farmers across Kenya. The investment from Kampani supports their expansion into global markets.,https://www.kampani.org/portfolio,
Kampani,UPAS,Ivory Coast,Cocoa,,,UPAS is a cocoa cooperative in Ivory Coast committed to sustainable and fair production. They provide technical assistance to farmers to increase their productivity. The cooperative focuses on strengthening its internal management and marketing systems.,https://www.kampani.org/portfolio,
Kampani,UNERIZ,Burkina Faso,Rice,,,UNERIZ is a union of rice producers in Burkina Faso. They focus on processing local paddy rice into high-quality milled rice for the domestic market. The investment supports their milling capacity and quality control measures.,https://www.kampani.org/portfolio,
Kampani,Vert,Kenya,Fresh vegetables,,,"Vert is a Kenyan exporter of fresh vegetables, including green beans and peas. They manage an extensive network of smallholder farmers to ensure a year-round supply. The company is a pioneer in implementing international food safety standards in Kenya.",https://www.kampani.org/portfolio,
Kampani,Yayra Glover,Ghana,Banana/ Plantains,,,Yayra Glover is a Ghanaian social enterprise focused on organic cocoa and fruit production. They are expanding their operations into organic banana and plantain production for export. The company is known for its strong commitment to environmental sustainability.,https://www.kampani.org/portfolio,
Kampani,Yeyasso,Ivory Coast,Cocoa & Chocolate,,,Yeyasso is a cocoa cooperative in Ivory Coast that has moved up the value chain into chocolate production. They empower their members by processing their own cocoa beans into finished products. The company focuses on the premium and artisanal chocolate market.,https://www.kampani.org/portfolio,
Kampani,Agropia,Peru,Native potatoes & chips,,,Agropia is a Peruvian cooperative of smallholder farmers in the Andes. They specialize in the production and processing of native potatoes into organic chips. The cooperative promotes the conservation of potato biodiversity while increasing farmer income.,https://www.kampani.org/portfolio,
Kampani,APASEM,Peru,Ginger & Turmeric,,,"APASEM is a Peruvian association of producers focused on organic ginger and turmeric. They export high-quality products to international markets, primarily in Europe and North America. The investment supports their processing facility and certification efforts.",https://www.kampani.org/portfolio,
Kampani,COOSEMPODA,Nicaragua,Vegetables & Coffee,,,COOSEMPODA is a multi-sector cooperative in Nicaragua producing vegetables and coffee. They provide their members with technical training and access to collective marketing. The cooperative aims to build resilient farming systems for smallholder producers.,https://www.kampani.org/portfolio,
Kampani,FACES Microfinanzas,Ecuador,Multi-crop/ Livestock,,,FACES is a microfinance institution in Ecuador that provides credit and technical assistance to rural entrepreneurs. They focus on supporting small-scale farmers involved in livestock and various crops. The investment from Kampani strengthens their agricultural lending portfolio.,https://www.kampani.org/portfolio,
Kampani,FECCEG,Guatemala,"Coffee, Honey, Panela",,,"FECCEG is a federation of smallholder cooperatives in Guatemala. They produce specialty coffee, organic honey, and whole brown sugar (panela) for export. The federation is committed to social inclusion and economic empowerment for indigenous farmers.",https://www.kampani.org/portfolio,
Kampani,Najil Cab,Mexico,Honey,,,Najil Cab is a Mexican company specializing in the production and export of high-quality organic honey. They work with Mayan beekeepers in the Yucatan Peninsula to preserve traditional practices. The company provides a direct link to international specialty markets.,https://www.kampani.org/portfolio,
Kampani,Norandino,Peru,"Coffee, Cocoa, Panela",,,Norandino is a major Peruvian cooperative known for its high-quality coffee and cocoa exports. They have a strong focus on fair trade and organic certification. The investment from Kampani supports their processing infrastructure and farmer outreach programs.,https://www.kampani.org/portfolio,
Kampani,Sanchirio Palomar,Peru,Coffee,,,Sanchirio Palomar is a coffee cooperative in Peru's Chanchamayo province. They produce specialty Arabica coffee for the global market. The cooperative is investing in improved drying and milling facilities to increase product value.,https://www.kampani.org/portfolio,
Kampani,Cassia Coop,Indonesia,Cinnamon & spices,,,Cassia Coop is an Indonesian company focused on the sustainable production of cassia cinnamon. They work directly with thousands of smallholder farmers in Sumatra. The company operates its own processing center to ensure transparency and quality.,https://www.kampani.org/portfolio,
Kampani,Tun Yat,Myanmar,Agri-machinery rental,,,Tun Yat is a technology-driven agricultural service provider in Myanmar. They offer a rental platform for tractors and harvesters to smallholder farmers who cannot afford their own machinery. The company aims to mechanize small-scale farming to increase efficiency and yields.,https://www.kampani.org/portfolio,
MCE,4 de Octubre,Ecuador,Microfinance,FSP,https://www.4deoctubre.net,"4 de Octubre is a female-led savings and loans cooperative established in Ecuador in 1998 with over 7,000 borrowers.",https://www.mcesocap.org/portfolio-list#list,
MCE,A Call to Business,Sierra Leone,Microfinance,FSP,http://acalltobusiness.co.uk/sierra-leone,"A Call to Business (ACTB) Savings and Loan is a microfinance institution in Sierra Leone that provides financial services to low-income populations in urban and peri-urban areas. ACTB targets small, medium, and micro-traders and entrepreneurs through its primary product, the small and very small enterprise loan.",https://www.mcesocap.org/portfolio-list#list,
MCE,ADICLA,Guatemala,Microfinance,FSP,https://www.adicla.org.gt,"ADICLA is a Guatemalan financial service provider that that supports the low-income population, serving primarily women and rural micro borrowers.",https://www.mcesocap.org/portfolio-list#list,
MCE,ADIGUA,Guatemala,Microfinance,FSP,https://www.adigua.org,"ADIGUA is a microfinance organization supporting entrepreneurs in central and western Guatemala, with a focus on smallholder farmers and women’s groups.",https://www.mcesocap.org/portfolio-list#list,
MCE,ADISA,Guatemala,Microfinance,FSP,https://adisa.org.gt,"Founded in 1991  by a group of local community leaders, Asociación para el Desarrollo Integral de San Antonio llotenango (“ADISA”) is a non profit financial service provider serving women micro entrepreneurs in the Guatemalan province of Quiché. Their mission is to provide timely, specialized and competitive financial and non-financial services promoting rural development that contributes to increasing income and improving the quality of life of borrowers and their families.",https://www.mcesocap.org/portfolio-list#list,
MCE,ADRA,Peru,Microfinance,FSP,https://www.adra.org.pe/,"ADRA Peru is a subsidiary of the Adventist Development and Relief Agency (ADRA) International, a global humanitarian agency with the purpose of promoting social and economic development. ADRA Peru offers mainly village-banking loans to its clients with the goal of enhancing the socio-economic development of its borrowers and to improve their living conditions and self-esteem through additional services.",https://www.mcesocap.org/portfolio-list#list,
MCE,AgriEvolve,Uganda,Agriculture Value Chain,SGB,https://agrievolve.com/,"AgriEvolve, an agricultural Small and Growing Business (SGB), is a coffee processor and exporter based in Western Uganda that provides a fully integrated, end to end operation to smallholder farmers that simplifies the complex coffee chain. AgriEvolve was celebrated as an outstanding performer in the region by 60Decibels in 2025, and 51% of the smallholder famers it serves are women.",https://www.mcesocap.org/portfolio-list#list,
MCE,Agro & Social Fund,Albania,Microfinance,FSP,https://asf.al/en/,"Agro & Social Fund (ASF) is an Albanian financial institution with a mission to support groups that are traditionally excluded from the formal banking sector, like women, Roma communities, and the underbanked, in regions across Albania. Of the individuals comprising the management team at ASF, 83% are women.",https://www.mcesocap.org/portfolio-list#list,
MCE,Aldea Global,Nicaragua,Agriculture Value Chain,SGB,https://aglobal.org.ni,"Aldea Global is a Nicaraguan association whose key activity is the sourcing and exporting of premium coffee from small-scale farmers to buyers in Europe and North America. In addition, Aldea Global provides microfinance services, access to high-quality inputs, technical assistance and certification support to its associates.",https://www.mcesocap.org/portfolio-list#list,
MCE,Agora Microfinance Zambia,Zambia,Microfinance,FSP,https://www.amz.co.zm,"Agora Microfinance Zambia is a microfinance institution dedicated to serving low-income, rural households in Zambia with appropriate financial products.",https://www.mcesocap.org/portfolio-list#list,
MCE,Amazonas,Bolivia,Agriculture Value Chain,SGB,N/A,"Amazonas is a Bolivian Brazil nut company that sources nuts from rural collectors, processes them, and ships to buyers in the US and Europe. Amazonas has strong gender and environmental impacts—women account for the majority of company leadership, and Brazil nut production creates an alternative to unsustainable and illegal economic activities such as mining and timber.",https://www.mcesocap.org/portfolio-list#list,
MCE,Arariwa,Peru,Microfinance,FSP,https://arariwa.org.pe/,"Arariwa is a rural-focused non-profit financial institution operating in Peru's Cusco region for more than 35 years. Arariwa maintains a strong focus on the vulnerable populations of Peru, reaching these groups through village banking methodology. All village banking clients receive financial education, and of the clients, 73% are women and 54% are rural.",https://www.mcesocap.org/portfolio-list#list,
MCE,Arnur Credit,Kazakhstan,Microfinance,FSP,https://arnurcredit.kz,Arnur Credit mainly serves farmers and household plot owners and entrepreneurs in southern Kazakhstan. The majority of its borrowers live in rural areas and make a living from agriculture. The institution has flexible products tailored  to the needs of those populations and a wide network of offices to cover far away villages where employment opportunities are limited. MCE was one of the first MIVs to lend to the institution in 2010.,https://www.mcesocap.org/portfolio-list#list,
MCE,"ASA Kenya, ASA Tanzania, ASA Uganda",Kenya,Microfinance,FSP,https://kenya.asa-international.com,"ASA Kenya is a financial servicer provider (FSP) offering low-income female business owners small loans to start or grow businesses. Their lending approach is based on individual lending via client groups, without joint-liability. Over the last 10 years, ASA Kenya has expanded to become one of the largest FSPs in Kenya, serving 162k borrowers, 99% of which are women. ‍ASA Tanzania, one of the largest FSPs in Tanzania in terms of geographical coverage and branch network, is a financial service provider operating in Tanzania. A typical borrower is a woman (99% of clients are women) in an urban or peri-urban area engaging in small-scale trading activities. ‍ASA Uganda, similar to ASA Tanzania, has become one of the largest FSPs in Uganda, in terms of geographical coverage and branch network. As of March 2025, 100% of its clients were women and about 74% of borrowers were in rural areas.",https://www.mcesocap.org/portfolio-list#list,
MCE,ASEI,El Salvador,Microfinance,FSP,https://asei-sv.org/,"La Asociación Salvadoreña de Extensionistas Empresariales del INCAE (ASEI) is a local NGO based in San Salvador that aims to empower low-income entrepreneurs, especially women, by providing small loans, financial education, and healthcare services.",https://www.mcesocap.org/portfolio-list#list,
MCE,Asian Credit Fund,Kazakhstan,Microfinance,FSP,https://asiancreditfund.com/en,"The Asian Credit Fund (ACF) is a microfinance institution established in 1997 that provides microloans and other business services to small and growing businesses in Kazakhstan. ACF’s financial services are designed specifically to promote small and growing businesses, develop rural households sustainably, and facilitate home ownership throughout the country.",https://www.mcesocap.org/portfolio-list#list,
MCE,Avanza Solido,Mexico,Microfinance,FSP,https://www.avanzasolido.com.mx/,"Avanza Sólido, S.A. de C.V. SOFOM, E.N.R. (“Avanza  Solido”) is a microfinance institution  headquartered  in Tuxtla Gutiérrez, Mexico, dedicated to providing financial services to underserved communities in impoverished regions of the country.",https://www.mcesocap.org/portfolio-list#list,
MCE,Azahar Coffee Company,Colombia,Agriculture Value Chain,SGB,https://azaharcoffee.com,"Azahar is a Colombian small business involved in the sourcing and exporting of premium specialty coffee from 5,000 small-scale farmers in post-conflict areas. Its uniquely impactful approach comes from traceability initiatives like its Sustainable Coffee Buyers Guide, which helps buyers understand price point to income ratios based on region. Additionally, Azahar promotes climate mitigation techniques like natural pest prevention, soil enrichment and water-efficiency amongst its farmers.",https://www.mcesocap.org/portfolio-list#list,
MCE,Baobab DRC,Democratic Rep Of Congo,Microfinance,FSP,https://baobabgroup.com/rdc/,"Baobab DRC is a subsidiary of the Baobab Group, a leading financial inclusion network of microfinance institutions that provide a wide range of digital and mobile solutions to over half a million individuals and small enterprises across Africa and China.",https://www.mcesocap.org/portfolio-list#list,
MCE,COMACO,Zambia,Agriculture Value Chain,SGB,https://itswild.org/,"Community Markets for Conservation (COMACO) is a pioneering social enterprise that works closely with rural communities across Zambia’s Luangwa Valley to promote sustainable agricultural practices with enhanced market access in a way that incentivizes forest and wildlife conservation, promotes household income and food security, and increases climate resilience for small-scale farmers.",https://www.mcesocap.org/portfolio-list#list,
MCE,Cooperativa Laguna de Los Condores,Peru,Agriculture Value Chain,SGB,https://coopldc.org/,"Cooperative Laguna de los Condores (Coop. LDC) is a farmers' organization, working with over 800 coffee farmers in the Amazonas region of Peru. Coop. LDC sources coffee from farmers through a network of 45 collection points, then processes and sells the product to local exporters and international buyers.",https://www.mcesocap.org/portfolio-list#list,
MCE,Crecer,Bolivia,Microfinance,FSP,https://www.crecerifd.bo:8443/BoliviaCrecerJforms/faces/inicio.xhtml,"MCE’s first client back in 2006, Crecer is a leading MFI in Bolivia that serves every region of the country with a variety of financial and non-financial services. Crecer is committed to reaching underserved populations of the country through a mix of individual and village banking loan products.",https://www.mcesocap.org/portfolio-list#list,
MCE,CrediCampo,El Salvador,Microfinance,FSP,http://www.credicampo.com.sv/,"CrediCampo is a cooperative in El Salvador that works in collaboration with Fundación Campo, its partner foundation, to alleviate poverty and empower rural communities through access to credit and community development services.",https://www.mcesocap.org/portfolio-list#list,
MCE,East Africa Fruits,Tanzania,Agriculture Value Chain,SGB,https://www.eafreshproduce.com/,"East Africa Fruits Co. is a social enterprise founded in 2015 that works to improve market access for smallholder farmers in Tanzania, increase farmers’ incomes by reducing post-harvest losses and adding value to fresh produce, and modernize agribusiness sector.",https://www.mcesocap.org/portfolio-list#list,
MCE,Edesa,Costa Rica,Microfinance,FSP,https://edesacr.com/,Edesa is a non-banking financial institution based in Costa Rica that provides financial services to rural areas to generate entrepreneurship and to progressively build up equity at the community level.,https://www.mcesocap.org/portfolio-list#list,
MCE,Ehtirom Plus,Uzbekistan,Microfinance,FSP,https://ehtiromplus.uz,"Ehtirom Plus is a financial service provider based in Eastern Uzbekistan with a mission to accelerate financial inclusion in rural areas of Fergana valley. In a country characterized by  low levels of financial inclusion, their impact is evident in their strong focus on underserved rural communities.",https://www.mcesocap.org/portfolio-list#list,
MCE,Elet Capital,Kyrgyzstan,Microfinance,FSP,http://www.elet.kg/,"Elet Capital, an MFI based in Bishkek, Kyrgyzstan, focuses on serving low-income rural entrepreneurs with formal financial services that would otherwise be unavailable.",https://www.mcesocap.org/portfolio-list#list,
MCE,Enlace,El Salvador,Microfinance,FSP,https://www.enlace.com.sv,"Enlace is a Salvadoran microfinance institution founded in 1998 as a collaborative social project between Catholic Relief Services, USAID, the José Simeón Cañas Central American University and other local NGOs. Enlace works primarily through group lending, granting working capital loans for productive purposes, as well as individual microloans for home improvement.",https://www.mcesocap.org/portfolio-list#list,
MCE,Fundación Espoir,Ecuador,Microfinance,FSP,http://www.espoir.org.ec/,"Fundación Espoir is a socially focused MFI in Ecuador that provides a range of financial and non-financial services to underserved communities, including individual and village banking loans, health services, and strong educations programs.",https://www.mcesocap.org/portfolio-list#list,
MCE,Esta Dana Ventura,Indonesia,Microfinance,FSP,https://www.estadanaventura.co.id/,"Esta Dana Ventura, based in the Greater Jakarta metropolitan area in Indonesia and founded in 2015, was founded to improve people’s welfare and equitable economic growth in Indonesia through supporting entrepreneurship. The FSP is strongly gender focused, supporting primarily female micro-entrepreneurs engaged in trading activities such as household goods and basic necessities.",https://www.mcesocap.org/portfolio-list#list,
MCE,Ethical Apparel Africa,Ghana,,SGB,https://www.ethicalapparelafrica.com/,"Ethical Apparel Africa (EAA) is a garment company based in Ghana, and exports garments to the US and Europe. EAA produces from its own factory, and emphasizes ethical practices, sustainability, and job creation, especially for women.",https://www.mcesocap.org/portfolio-list#list,
MCE,FACES Microfinanzas,Ecuador,Microfinance,FSP,https://faces.org.ec/,Fundación de Apoyo Comunitario y Social del Ecuador (“FACES”) is a non-profit MFI established in 1991 with the mission to provide credit and non-credit services to the under-banked population in Ecuador.,https://www.mcesocap.org/portfolio-list#list,
MCE,Financiera FAMA,Nicaragua,Microfinance,FSP,http://www.financierafama.com.ni/,"Financiera FAMA, owned by Fundación FAMA, is a Nicaraguan MFI committed to providing financial services to underserved populations of the country with a particular focus on women.",https://www.mcesocap.org/portfolio-list#list,
MCE,FINCA Armenia,Armenia,Microfinance,FSP,https://www.finca.am/en/,"FINCA Armenia is a branch of FINCA International providing financial services to low-income entrepreneurs in Armenia. They serve 22K+ micro and small entrepreneurs (as of 2022), with a special focus on the smallest borrowers in rural areas (58% of the clients).",https://www.mcesocap.org/portfolio-list#list,
MCE,FINCA Kosovo,Kosovo,Microfinance,FSP,https://www.fincakosovo.org/,FINCA Kosovo seeks to be the leading provider of microfinance services throughout Kosovo with a strong focus on low-income clients and micro-entrepreneurs. FINCA Kosovo is a part of the FINCA International microfinance network.,https://www.mcesocap.org/portfolio-list#list,
MCE,Friendship Bridge,Guatemala,Microfinance,FSP,https://www.friendshipbridge.org/,"Friendship Bridge is a financial institution that operates in Guatemala with a mission to empower Guatemalan women in poverty to build better futures through access to credit and education. Friendship Bridge primarily uses the village banking methodology, complemented by non-formal education and non-financial services like health support and technical assistance. Recently, it has introduced an individual loan product. Friendship Bridge has received the award of Top 3 Performer in the LATAM Region of the 60Decibels Index.",https://www.mcesocap.org/portfolio-list#list,
MCE,Furuz,Tajikistan,Microfinance,FSP,https://www.furuz.tj,"Furuz is an financial service provider offering savings accounts, long term deposits and money exchange operations to people in the center and southern regions of Tajikistan.",https://www.mcesocap.org/portfolio-list#list,
MCE,Good Nature Agro,Zambia,Agriculture Value Chain,SGB,https://goodnatureagro.com/,"Good Nature Agro (GNA) invests in Zambian small-scale farmers to generate lasting income by providing technical assistance, inputs and access to a readymade market.",https://www.mcesocap.org/portfolio-list#list,
MCE,Humo,Tajikistan,Microfinance,FSP,https://www.humo.tj/en/,"HUMO is a deposit-taking MFI that maintains a strong focus on rural populations of Tajikistan, offering a range of financial services and non-financial services such as financial literacy training. HUMO has been a partner of MCE since 2008.",https://www.mcesocap.org/portfolio-list#list,
MCE,IDH Microfinanciera,Honduras,Microfinance,FSP,https://www.idhmicrofinanciera.hn,Instituto de Desarrollo Hondureño (IDH) is a nonprofit microfinance institution founded in 1974 with the purpose of providing credit and non-credit services to underbanked populations in Honduras.,https://www.mcesocap.org/portfolio-list#list,
MCE,Imkon,Uzbekistan,Microfinance,FSP,N/A,"Imkon Finans (Imkon) is a small microfinance organization in Uzbekistan, located in the rural region of Andijan. MCE's due diligence revealed that 60-75% of Imkon's clients have no prior credit history, underscoring Imkon's deep reach into the communities of Andijan.",https://www.mcesocap.org/portfolio-list#list,
MCE,Inclusiva,Peru,Microfinance,FSP,https://www.coopacinclusiva.pe,"Inclusiva is a small lending and savings cooperative operating in the rural regions of Peru since 2019. Inclusiva has a strong focus on the region’s lower income population situated in the mountainous and remote areas of Peru that are often overlooked by most of the competitors in the microfinance sector.  Quilmaná, the district where Inclusiva has its biggest portfolio, has a population of about 20K inhabitants, for whom Inclusiva is the only financing option.",https://www.mcesocap.org/portfolio-list#list,
MCE,Inka Moss,Peru,Agriculture Value Chain,SGB,http://inkamoss.com/,"Inka Moss is a social enterprise that works with communities in the Peruvian Andes to source, process, and export moss that naturally grows in the region. The company incorporates members of these communities as suppliers in its value chain, providing technical assistance and education to ensure sustainable harvesting practices and increased incomes.",https://www.mcesocap.org/portfolio-list#list,
MCE,Juhudi Kilimo,Kenya,Microfinance,FSP,https://juhudikilimo.com,"Juhudi Kilimo is a financial service provider serving smallholder farmers in Kenya. Juhudi finances specific agricultural assets that offer immediate and sustainable income for farmers. Almost 100% of their 75K borrowers live in rural areas and 69% are female, with loans branching out from dairy to other value chains like maize, bananas and coffee.",https://www.mcesocap.org/portfolio-list#list,
MCE,LAPO Sierra Leone,Sierra Leone,Microfinance,FSP,https://lapo-sl.org,Lift Above Poverty Organization Sierra Leone (LAPO SL) is a microfinance institution that seeks to give its clients access to flexible financial services in order to empower women to challenge age-long customs and traditions that constrain their access to economic opportunity.,https://www.mcesocap.org/portfolio-list#list,
MCE,Lazika Capital,Georgia,Microfinance,FSP,https://www.lazikacapital.ge,"Lazika Capital is a Georgian microfinance institution that targets small enterprises in rural and semi-urban regions to promote economic development through the provision of financial services, primarily business and agriculture loans.",https://www.mcesocap.org/portfolio-list#list,
MCE,LOLC Cambodia,Cambodia,Microfinance,FSP,N/A,LOLC Cambodia is a leading microfinance institution which was founded in 1994. Today the organization has grown to serve more than hundreds of thousands of rural Cambodians with micro loans and savings accounts.,https://www.mcesocap.org/portfolio-list#list,
MCE,LOLC Ventura Indonesia,Indonesia,Microfinance,FSP,https://www.lolc.com/ventura,"LOLC Ventura is an Indonesian financial service provider that supports microenterprises in rural areas where financial inclusion is limited. The provider uses a group loan methodology to serve its more than 75,000 customers, a group made up of 100% rural women.",https://www.mcesocap.org/portfolio-list#list,
MCE,Maxima,Cambodia,Microfinance,FSP,https://www.maxima.com.kh/home-en/,"MAXIMA Microfinance Plc. has been a client of MCE since 2022. The organization recently launched a new digital loan product that targets hard-to-reach borrowers through referral agents that live in rural communities. The organization serves more than 8,000 borrowers, of which 80% are women, and 83% live outside the capital city.",https://www.mcesocap.org/portfolio-list#list,
MCE,MiCredito,Nicaragua,Microfinance,FSP,https://www.micredito-es.com,MiCrédito is a non-bank microfinance institution serving customers at the bottom of the socioeconomic pyramid in urban and rural Nicaragua.,https://www.mcesocap.org/portfolio-list#list,
MCE,Micreditoya,Colombia,Microfinance,FSP,https://micreditoya.com.co/nosotros/,"Micreditoya Microfinanciera S.A.S. (“Micreditoya”) is an MFI with the mission to serve the basis of the pyramid in the South of Colombia with responsibility and transparency, which it does by offering small loans to both urban and rural borrowers seeking to develop their businesses, improve their housing conditions, or invest in their families’ education.",https://www.mcesocap.org/portfolio-list#list,
MCE,Microinvest,Moldova,Microfinance,FSP,https://microinvest.md,"Microinvest is a microfinance institution that contributes to the economic and social development of Moldova by offering responsible and transparent lending primarily in the form of business loans, agriculture loans, and small loans.",https://www.mcesocap.org/portfolio-list#list,
MCE,Norandino,Peru,Agriculture Value Chain,SGB,https://coopnorandino.com.pe/,"Cooperativa Agraria Norandino Ltda (Norandino) is one of Peru's leading agro-industrial cooperatives, operating in northern Peru. Norandino collects, processes, and exports a variety of products, primarily coffee, cocoa beans, cocoa paste, and panela, to international buyers in Europe, the US, and Canada. Norandino has been active for over thirty years and is distinguished by its strong social and environmental commitment, prioritizing certified and high quality products (97% of its exports were certified as of 2024).",https://www.mcesocap.org/portfolio-list#list,
MCE,Oxus Tajikistan,Tajikistan,Microfinance,FSP,https://www.oxus.tj/index.php/en/,Oxus Tajikistan is an enterprise engaged in providing financial services to the working poor and the unbanked in Tajikistan. OXUS is dedicated to creating and providing the most efficient microfinance services while improving the sustainable livelihoods of its customers through  green financing initiatives and supporting rural borrowers.,https://www.mcesocap.org/portfolio-list#list,
MCE,PADECOMSM,El Salvador,Microfinance,FSP,https://padecomcredito.com/,"PADECOMSM Crédito is a microfinance cooperative in El Salvador that offers working capital financing to rural micro-borrowers for agricultural and commercial purposes, as well as home improvement loans and micro life insurance. Its client base consists of 50% women and 69% rural.",https://www.mcesocap.org/portfolio-list#list,
MCE,ProCredito,Mexico,Microfinance,FSP,https://www.procredito.com.mx,"ProCredito is a high-impact lender serving micro-, small- and medium-size enterprises in Mexico. Their strong gender and environmental policies are monitored with internal metric reporting, with a focus on loans towards clean transportation and water-wise agriculture.",https://www.mcesocap.org/portfolio-list#list,
MCE,Pro Mujer Nicaragua,Nicaragua,Microfinance,FSP,https://promujer.org/ni/es/,"Pro Mujer Nicaragua is a nonprofit financial services provider focusing on women, and is a market leader in village banking. It has been working to advance gender equality in Nicaragua for more than 27 years through financial inclusion, health and wellbeing, and training opportunities by integrating a strong gender lens in the design of products and services.",https://www.mcesocap.org/portfolio-list#list,
MCE,Renesans,Uzbekistan,Microfinance,FSP,https://renesans.uz/,"Renesans is an MFI based in Tashkent, the capital of Uzbekistan, which provides loan products that targets underserved populations, primarily self-employed entrepreneurs active in trade in local markets, services, small-scale agriculture, and other consumer-related purposes.",https://www.mcesocap.org/portfolio-list#list,
MCE,Transcapital,Mongolia,Microfinance,FSP,https://www.transcapital.mn/,Transcapital is a medium-sized MFI that provides access to financial services in the poor suburbs of Ulaanbaatar and rural areas of Mongolia.,https://www.mcesocap.org/portfolio-list#list,
MCE,Umoja Uganda,Uganda,Microfinance,FSP,https://umoja-international.com/country/uganda,"Umoja MFI is a Ugandan microfinance institution focused on providing financial services to women in rural Uganda. With 100% female clients, 88% of whom are located in rural areas, Umoja showcases outstanding impact through a group loan model. As of June 2024, the average loan size was $93.",https://www.mcesocap.org/portfolio-list#list,
MCE,Vision Fund Ecuador,Ecuador,Microfinance,FSP,https://www.visionfund.ec,"Vision Fund Ecuador was originally established as the foundation Fondo de Desarrollo Microempresarial (FODEMI) in 1995 before growing to become a part of Vision Fund International and operating as a Bank specializing in Microcredit. It manages both the individual methodology and the Village banking methodology, differentiating itself in the sector by focusing on the agriculture sector and targeting vulnerable populations.",https://www.mcesocap.org/portfolio-list#list,
MCE,"VFI International, KosInvest",Kosovo,Microfinance,FSP,https://www.visionfund.org/,"Vision Fund International (VFI) is the microfinance arm of World Vision International, a global development NGO. VFI operates through 25 microfinance institutions in four different regions: Africa, Asia, Latin America and the Caribbean, and Eastern Europe and the Caucasus. With 342 branches and 6,900 employees worldwide, VFI has provided numerous jobs and capital to populations in need. KosInvest is the subsidiary in Kosovo of VFI and focuses its outreach to children of low-income families. KosInvest plays a crucial role in Kosovo, offering smaller loans to microentrepreneurs that have little to no credit record.",https://www.mcesocap.org/portfolio-list#list,
MCE,VisionFund México,Mexico,Microfinance,FSP,http://www.vfmexico.net,"VisionFund México is a microfinance institution offering loans, insurance, and training primarily to women micro entrepreneurs in 8 of the 10 poorest states in Mexico. Serving as a microcredit arm of the World Vision Group, VisionFund México lays the foundation for local economies to thrive in sustainable communities.",https://www.mcesocap.org/portfolio-list#list,